<?xml version="1.0" encoding="UTF-8"?>
<beans xmlns="http://www.springframework.org/schema/beans"
       xmlns:xsi="http://www.w3.org/2001/XMLSchema-instance"
       xsi:schemaLocation="http://www.springframework.org/schema/beans http://www.springframework.org/schema/beans/spring-beans.xsd">
    <bean class="org.springframework.jdbc.datasource.DriverManagerDataSource" id="dataSource">
       <property name="driverClassName" value="org.postgresql.Driver" />
       <property name="url" value="jdbc:postgresql://localhost:5432/postgres" />
       <property name="username" value="postgres" />
       <property name="password" value="postgres" />
    </bean>
    <bean class="org.apache.ignite.configuration.IgniteConfiguration" id="ignite.cfg">
        <property name="cacheConfiguration">
            <list>
                <bean class="org.apache.ignite.configuration.CacheConfiguration">
                    <property name="name" value="personCache"></property>
                    <property name="readThrough" value="true"></property>
                    <property name="writeThrough" value="true"></property>
                    <!-- Set cacheStoreFactory-->
                    <property name="cacheStoreFactory">
                        <bean class="javax.cache.configuration.FactoryBuilder" factory-method="factoryOf">
                            <constructor-arg value="kavuka.ignite.model.PersonStore"></constructor-arg>
                        </bean>
                    </property>
                    <property name="queryEntities">
                        <list>
                            <bean class="org.apache.ignite.cache.QueryEntity">
                                <property name="keyType" value="java.lang.Long"></property>
                                <property name="valueType" value="kavuka.ignite.model.Person"></property>
                                <property name="fields">
                                    <map>
                                        <entry key="id" value="java.lang.Long"></entry>
                                        <entry key="orgId" value="java.lang.Integer"></entry>
                                        <entry key="name" value="java.lang.String"></entry>
                                    </map>
                                </property>
                            </bean>
                        </list>
                    </property>
                </bean>
            </list>
        </property>
        <property name="peerClassLoadingEnabled" value="true"></property>
        <property name="discoverySpi">
            <bean class="org.apache.ignite.spi.discovery.tcp.TcpDiscoverySpi">
                <property name="joinTimeout" value="200"/>
                <property name="ipFinder">
                    <bean class="org.apache.ignite.spi.discovery.tcp.ipfinder.multicast.TcpDiscoveryMulticastIpFinder">
                        <property name="addresses">
                            <list>
                                <value>127.0.0.1:47500</value>
                            </list>
                        </property>
                    </bean>
                </property>
            </bean>
        </property>
    </bean>
</beans>